{
  "letter_frequency": {
    " ": 0.179549,
    "a": 0.068229,
    "b": 0.012946,
    "c": 0.025208,
    "d": 0.031014,
    "e": 0.098054,
    "f": 0.017021,
    "g": 0.017608,
    "h": 0.040964,
    "i": 0.060162,
    "j": 0.001819,
    "k": 0.007216,
    "l": 0.034299,
    "m": 0.021081,
    "n": 0.05797,
    "o": 0.06308,
    "p": 0.018774,
    "q": 0.000761,
    "r": 0.050347,
    "s": 0.05371,
    "t": 0.073948,
    "u": 0.023405,
    "v": 0.008684,
    "w": 0.015632,
    "x": 0.001528,
    "y": 0.016072,
    "z": 0.00092
  },
  "next_letter_frequency": {
    " ": {
      " ": 0,
      "a": 0.109272,
      "b": 0.044361,
      "c": 0.048534,
      "d": 0.032364,
      "e": 0.022299,
      "f": 0.038301,
      "g": 0.020607,
      "h": 0.045619,
      "i": 0.071176,
      "j": 0.007783,
      "k": 0.007666,
      "l": 0.026052,
      "m": 0.040733,
      "n": 0.026813,
      "o": 0.059085,
      "p": 0.050067,
      "q": 0.001913,
      "r": 0.028552,
      "s": 0.078132,
      "t": 0.14481,
      "u": 0.011664,
      "v": 0.007983,
      "w": 0.058773,
      "x": 0.000283,
      "y": 0.016607,
      "z": 0.00055
    },
    "a": {
      " ": 0.087945,
      "a": 0.000907,
      "b": 0.021616,
      "c": 0.040983,
      "d": 0.03542,
      "e": 0.001554,
      "f": 0.008357,
      "g": 0.019834,
      "h": 0.003974,
      "i": 0.032148,
      "j": 0.001345,
      "k": 0.013778,
      "l": 0.09703,
      "m": 0.033607,
      "n": 0.184514,
      "o": 0.000567,
      "p": 0.017169,
      "q": 0.000525,
      "r": 0.105064,
      "s": 0.082387,
      "t": 0.134449,
      "u": 0.01356,
      "v": 0.022373,
      "w": 0.006601,
      "x": 0.001605,
      "y": 0.030547,
      "z": 0.002139
    },
    "b": {
      " ": 0.024302,
      "a": 0.115065,
      "b": 0.008597,
      "c": 0.003155,
      "d": 0.001671,
      "e": 0.279505,
      "f": 0.000505,
      "g": 0.000954,
      "h": 0.001257,
      "i": 0.061018,
      "j": 0.004608,
      "k": 0.000124,
      "l": 0.103185,
      "m": 0.001742,
      "n": 0.001019,
      "o": 0.122887,
      "p": 0.000501,
      "q": 0.000036,
      "r": 0.061781,
      "s": 0.019851,
      "t": 0.005108,
      "u": 0.113552,
      "v": 0.001992,
      "w": 0.000357,
      "x": 0.00003,
      "y": 0.067091,
      "z": 0.000106
    },
    "c": {
      " ": 0.038241,
      "a": 0.143912,
      "b": 0.000582,
      "c": 0.016833,
      "d": 0.001092,
      "e": 0.139558,
      "f": 0.000438,
      "g": 0.000437,
      "h": 0.139293,
      "i": 0.060321,
      "j": 0.000059,
      "k": 0.052221,
      "l": 0.039344,
      "m": 0.000574,
      "n": 0.000764,
      "o": 0.188418,
      "p": 0.000526,
      "q": 0.000906,
      "r": 0.039939,
      "s": 0.006315,
      "t": 0.085783,
      "u": 0.034843,
      "v": 0.000118,
      "w": 0.00014,
      "x": 0.000029,
      "y": 0.008913,
      "z": 0.000403
    },
    "d": {
      " ": 0.528232,
      "a": 0.044732,
      "b": 0.00138,
      "c": 0.001658,
      "d": 0.011025,
      "e": 0.144985,
      "f": 0.001288,
      "g": 0.005951,
      "h": 0.001472,
      "i": 0.092571,
      "j": 0.000759,
      "k": 0.00021,
      "l": 0.007175,
      "m": 0.003878,
      "n": 0.002072,
      "o": 0.059736,
      "p": 0.000818,
      "q": 0.000261,
      "r": 0.02159,
      "s": 0.025753,
      "t": 0.001437,
      "u": 0.02438,
      "v": 0.00351,
      "w": 0.002277,
      "x": 0.000021,
      "y": 0.012713,
      "z": 0.000116
    },
    "e": {
      " ": 0.336571,
      "a": 0.051312,
      "b": 0.003272,
      "c": 0.027074,
      "d": 0.070685,
      "e": 0.026772,
      "f": 0.00896,
      "g": 0.007734,
      "h": 0.002026,
      "i": 0.011299,
      "j": 0.000337,
      "k": 0.002036,
      "l": 0.035877,
      "m": 0.021078,
      "n": 0.084478,
      "o": 0.006895,
      "p": 0.010499,
      "q": 0.001852,
      "r": 0.131073,
      "s": 0.077932,
      "t": 0.029396,
      "u": 0.00188,
      "v": 0.016917,
      "w": 0.008989,
      "x": 0.010987,
      "y": 0.013473,
      "z": 0.000598
    },
    "f": {
      " ": 0.328365,
      "a": 0.060954,
      "b": 0.000725,
      "c": 0.001638,
      "d": 0.000641,
      "e": 0.084812,
      "f": 0.054646,
      "g": 0.000702,
      "h": 0.000243,
      "i": 0.10642,
      "j": 0.000069,
      "k": 0.000213,
      "l": 0.023776,
      "m": 0.000776,
      "n": 0.000163,
      "o": 0.181182,
      "p": 0.000847,
      "q": 0.000017,
      "r": 0.079113,
      "s": 0.002886,
      "t": 0.033883,
      "u": 0.034112,
      "v": 0.000053,
      "w": 0.000359,
      "x": 0.000074,
      "y": 0.003308,
      "z": 0.000022
    },
    "g": {
      " ": 0.351607,
      "a": 0.064117,
      "b": 0.001193,
      "c": 0.000958,
      "d": 0.001158,
      "e": 0.147363,
      "f": 0.000766,
      "g": 0.012196,
      "h": 0.097059,
      "i": 0.05463,
      "j": 0.000196,
      "k": 0.000185,
      "l": 0.020751,
      "m": 0.003294,
      "n": 0.022212,
      "o": 0.08068,
      "p": 0.000656,
      "q": 0.000031,
      "r": 0.067114,
      "s": 0.022666,
      "t": 0.006075,
      "u": 0.035687,
      "v": 0.000078,
      "w": 0.000773,
      "x": 0.000053,
      "y": 0.008358,
      "z": 0.000146
    },
    "h": {
      " ": 0.112088,
      "a": 0.168099,
      "b": 0.001231,
      "c": 0.000517,
      "d": 0.000898,
      "e": 0.438009,
      "f": 0.000339,
      "g": 0.000159,
      "h": 0.000459,
      "i": 0.11998,
      "j": 0.000057,
      "k": 0.000172,
      "l": 0.002556,
      "m": 0.002052,
      "n": 0.00448,
      "o": 0.084835,
      "p": 0.000592,
      "q": 0.000153,
      "r": 0.014348,
      "s": 0.002998,
      "t": 0.025543,
      "u": 0.011622,
      "v": 0.000155,
      "w": 0.00106,
      "x": 0.000006,
      "y": 0.007543,
      "z": 0.000048
    },
    "i": {
      " ": 0.043804,
      "a": 0.027916,
      "b": 0.007662,
      "c": 0.06585,
      "d": 0.037923,
      "e": 0.039153,
      "f": 0.020284,
      "g": 0.030614,
      "h": 0.000318,
      "i": 0.001149,
      "j": 0.000349,
      "k": 0.009256,
      "l": 0.051019,
      "m": 0.030955,
      "n": 0.262073,
      "o": 0.063519,
      "p": 0.009576,
      "q": 0.000877,
      "r": 0.03314,
      "s": 0.110105,
      "t": 0.117415,
      "u": 0.001496,
      "v": 0.026713,
      "w": 0.000241,
      "x": 0.00222,
      "y": 0.000239,
      "z": 0.006134
    },
    "j": {
      " ": 0.024946,
      "a": 0.153395,
      "b": 0.000767,
      "c": 0.001464,
      "d": 0.00173,
      "e": 0.156855,
      "f": 0.000861,
      "g": 0.000438,
      "h": 0.001143,
      "i": 0.030472,
      "j": 0.001456,
      "k": 0.00119,
      "l": 0.000759,
      "m": 0.001229,
      "n": 0.001675,
      "o": 0.252491,
      "p": 0.00515,
      "q": 0.000016,
      "r": 0.006481,
      "s": 0.001714,
      "t": 0.000642,
      "u": 0.35309,
      "v": 0.000744,
      "w": 0.000579,
      "x": 0.000039,
      "y": 0.000587,
      "z": 0.000086
    },
    "k": {
      " ": 0.304934,
      "a": 0.03988,
      "b": 0.001927,
      "c": 0.000868,
      "d": 0.001109,
      "e": 0.286001,
      "f": 0.002543,
      "g": 0.003257,
      "h": 0.006829,
      "i": 0.146143,
      "j": 0.00028,
      "k": 0.001308,
      "l": 0.015564,
      "m": 0.003655,
      "n": 0.071461,
      "o": 0.016538,
      "p": 0.001821,
      "q": 0.00001,
      "r": 0.007024,
      "s": 0.06273,
      "t": 0.002551,
      "u": 0.008358,
      "v": 0.000373,
      "w": 0.003058,
      "x": 0.000026,
      "y": 0.011654,
      "z": 0.000101
    },
    "l": {
      " ": 0.166359,
      "a": 0.096265,
      "b": 0.002902,
      "c": 0.002723,
      "d": 0.051944,
      "e": 0.159039,
      "f": 0.008624,
      "g": 0.001231,
      "h": 0.000752,
      "i": 0.124737,
      "j": 0.000134,
      "k": 0.006917,
      "l": 0.131977,
      "m": 0.006033,
      "n": 0.001029,
      "o": 0.077503,
      "p": 0.005647,
      "q": 0.000083,
      "r": 0.002369,
      "s": 0.028216,
      "t": 0.020754,